Srednia arytmetyczna,Odchylenie standardowe,Blad wzgledny
170064.382,42237.9535076048,24.836449002945717
